hand,played,wins,win_pct
A32,419,233.5,55.7279
QT5,407,210.0,51.5971
976,404,215.0,53.2178
JT9,402,215.5,53.6070
Q87,401,187.5,46.7581
AJ5,400,218.0,54.5000
832,398,173.0,43.4673
853,398,163.5,41.0804
KQ4,398,213.0,53.5176
Q43,398,186.0,46.7337
973,397,177.5,44.7103
KQJ,396,226.5,57.1970
AT7,395,211.5,53.5443
J94,395,198.0,50.1266
T62,394,185.5,47.0812
432,393,195.5,49.7455
J52,393,171.5,43.6387
K73,393,175.5,44.6565
Q32,392,171.5,43.7500
QT3,392,184.0,46.9388
975,391,184.5,47.1867
AK7,391,226.5,57.9284
K63,391,186.5,47.6982
K75,391,190.5,48.7212
K86,391,204.0,52.1739
KJT,391,220.5,56.3939
AK8,390,221.0,56.6667
AQ8,389,219.0,56.2982
T42,389,164.0,42.1594
753,388,183.0,47.1649
AJ4,388,223.0,57.4742
K87,388,188.5,48.5825
T95,388,186.5,48.0670
942,387,168.0,43.4109
Q74,387,170.0,43.9276
A84,386,217.0,56.2176
A86,386,204.5,52.9793
AKT,385,222.5,57.7922
K92,385,190.0,49.3506
874,384,172.5,44.9219
AT2,384,209.0,54.4271
Q96,383,180.5,47.1279
642,382,191.5,50.1309
A43,382,204.0,53.4031
AK4,382,227.0,59.4241
J63,382,180.5,47.2513
Q84,382,185.0,48.4293
AQ7,381,211.5,55.5118
J53,381,170.0,44.6194
873,380,154.0,40.5263
AQ3,380,204.0,53.6842
963,379,190.0,50.1319
AQ9,379,218.0,57.5198
JT6,379,168.5,44.4591
KJ5,379,188.5,49.7361
KT2,379,190.5,50.2639
876,378,203.0,53.7037
AQ5,378,206.5,54.6296
K72,378,173.5,45.8995
KQ6,378,197.0,52.1164
KT9,378,209.5,55.4233
Q62,378,182.0,48.1481
Q92,378,192.0,50.7937
Q93,378,194.0,51.3228
J86,377,173.5,46.0212
J95,377,191.5,50.7958
K82,377,184.0,48.8064
KT7,377,194.5,51.5915
A73,376,196.0,52.1277
A87,376,197.0,52.3936
K95,376,199.0,52.9255
QJ8,376,185.0,49.2021
QJ9,376,208.5,55.4521
T97,376,203.0,53.9894
985,374,190.0,50.8021
987,374,217.0,58.0214
AJ8,374,197.0,52.6738
J96,374,178.0,47.5936
K52,374,186.5,49.8663
QT4,374,175.5,46.9251
T65,374,156.5,41.8449
A76,373,195.5,52.4129
AT6,373,184.5,49.4638
J76,373,162.5,43.5657
K93,373,200.5,53.7534
Q94,373,190.5,51.0724
QJ2,373,214.0,57.3727
QT7,373,176.0,47.1850
T75,373,175.0,46.9169
A94,372,207.0,55.6452
J87,372,190.5,51.2097
Q52,372,174.5,46.9086
T94,372,162.5,43.6828
643,371,179.5,48.3827
J62,371,152.5,41.1051
864,370,180.5,48.7838
982,370,146.0,39.4595
986,370,176.0,47.5676
QJ5,370,184.0,49.7297
QJ6,370,193.0,52.1622
A93,369,180.5,48.9160
A98,369,199.5,54.0650
K85,369,162.5,44.0379
T85,369,183.0,49.5935
852,368,154.0,41.8478
952,368,153.0,41.5761
Q42,368,175.0,47.5543
K43,367,178.0,48.5014
K94,367,182.0,49.5913
K97,367,186.0,50.6812
K98,367,193.5,52.7248
T54,367,168.5,45.9128
964,366,155.0,42.3497
AJ9,366,182.5,49.8634
AQJ,366,201.0,54.9180
Q76,366,163.5,44.6721
Q97,366,178.5,48.7705
T92,366,166.5,45.4918
854,365,167.0,45.7534
865,365,180.0,49.3151
AJ7,365,179.5,49.1781
J32,365,175.0,47.9452
K54,365,162.0,44.3836
765,364,200.0,54.9451
842,364,161.0,44.2308
A74,364,176.0,48.3516
AKJ,364,216.5,59.4780
AQT,364,213.0,58.5165
J43,364,150.0,41.2088
KJ6,364,194.0,53.2967
Q95,364,189.0,51.9231
T93,364,176.0,48.3516
A42,363,198.0,54.5455
A63,363,177.0,48.7603
AT3,363,186.0,51.2397
JT3,363,181.0,49.8623
QJ4,363,177.5,48.8981
752,362,165.0,45.5801
862,362,164.0,45.3039
AK5,362,200.5,55.3867
J75,362,160.0,44.1989
K83,362,167.5,46.2707
Q75,362,167.5,46.2707
Q86,362,152.5,42.1271
QJ7,362,183.0,50.5525
843,361,173.0,47.9224
932,361,158.0,43.7673
J84,361,169.0,46.8144
J85,361,165.0,45.7064
K64,361,188.5,52.2161
KT3,361,188.0,52.0776
Q72,361,153.0,42.3823
Q98,361,200.5,55.5402
863,360,171.5,47.6389
AK2,360,193.0,53.6111
J93,360,155.5,43.1944
K53,360,179.0,49.7222
QT6,360,188.0,52.2222
T72,360,161.5,44.8611
T86,360,154.0,42.7778
632,359,150.5,41.9220
965,359,177.0,49.3036
A64,359,178.5,49.7214
J64,359,159.0,44.2897
KT4,359,182.5,50.8357
542,358,203.0,56.7039
A52,358,197.5,55.1676
A75,358,196.0,54.7486
J98,358,178.5,49.8603
KT5,358,168.0,46.9274
T96,358,166.5,46.5084
983,357,171.5,48.0392
A97,356,198.0,55.6180
AT4,356,171.5,48.1742
JT4,356,155.5,43.6798
K84,356,167.0,46.9101
KQ7,356,183.0,51.4045
T76,356,159.0,44.6629
652,355,159.5,44.9296
653,355,198.0,55.7746
654,355,165.0,46.4789
984,355,156.0,43.9437
J82,355,166.0,46.7606
KQ5,355,189.0,53.2394
T87,355,172.0,48.4507
764,354,199.5,56.3559
A53,354,197.0,55.6497
A82,354,194.0,54.8023
AQ2,354,206.5,58.3333
J65,354,168.0,47.4576
K32,354,174.5,49.2938
754,353,179.0,50.7082
A92,353,181.0,51.2748
J73,353,149.0,42.2096
KJ8,353,173.0,49.0085
732,352,157.0,44.6023
AJ2,352,177.0,50.2841
AKQ,352,216.5,61.5057
KJ4,352,177.0,50.2841
743,351,161.0,45.8689
A83,351,196.5,55.9829
AJ3,351,191.5,54.5584
AK6,351,202.0,57.5499
JT5,351,153.0,43.5897
K96,351,172.5,49.1453
Q54,351,173.5,49.4302
962,350,160.0,45.7143
A65,350,179.5,51.2857
A85,350,195.0,55.7143
K65,350,169.5,48.4286
Q53,350,163.0,46.5714
T82,350,145.0,41.4286
762,349,163.0,46.7049
AQ6,349,192.5,55.1576
JT8,349,195.0,55.8739
K74,349,155.0,44.4126
KQT,349,195.0,55.8739
T74,349,156.0,44.6991
JT7,348,172.0,49.4253
QJT,348,208.5,59.9138
QT8,348,181.0,52.0115
T73,348,142.5,40.9483
AK9,347,180.5,52.0173
KT8,347,154.5,44.5245
Q63,347,160.0,46.1095
Q65,347,163.5,47.1182
T32,347,158.5,45.6772
875,346,190.0,54.9133
943,346,149.0,43.0636
A54,346,190.0,54.9133
A96,346,183.5,53.0347
KJ3,346,188.5,54.4798
KJ9,346,191.0,55.2023
KQ2,346,175.0,50.5780
J92,345,158.0,45.7971
T84,345,148.5,43.0435
A95,344,191.0,55.5233
Q64,344,172.5,50.1453
AT5,343,170.0,49.5627
KJ7,343,178.5,52.0408
QT2,343,169.5,49.4169
872,342,159.5,46.6374
J54,342,141.5,41.3743
K62,342,157.5,46.0526
KQ3,342,176.0,51.4620
QJ3,342,178.5,52.1930
974,341,157.5,46.1877
J74,341,150.0,43.9883
532,340,149.0,43.8235
543,340,178.0,52.3529
T43,340,136.0,40.0000
T98,340,182.5,53.6765
JT2,339,162.0,47.7876
T83,339,148.0,43.6578
763,338,176.0,52.0710
A72,338,173.5,51.3314
Q85,338,165.0,48.8166
954,337,147.5,43.7685
A62,337,165.5,49.1098
AJT,337,191.0,56.6766
AT8,337,168.0,49.8516
KQ8,337,168.5,50.0000
T64,337,145.0,43.0267
QT9,336,167.5,49.8512
T63,335,146.5,43.7313
J72,334,134.5,40.2695
Q73,334,178.5,53.4431
Q83,334,148.0,44.3114
742,333,136.5,40.9910
KT6,333,173.0,51.9520
J42,332,141.5,42.6205
AT9,331,173.0,52.2659
J83,330,157.5,47.7273
Q82,330,161.5,48.9394
AK3,329,185.0,56.2310
KJ2,329,169.0,51.3678
953,327,141.0,43.1193
K76,326,174.0,53.3742
AJ6,325,164.0,50.4615
T52,325,154.0,47.3846
972,321,154.0,47.9751
AQ4,320,181.0,56.5625
K42,320,156.0,48.7500
T53,316,148.0,46.8354
J97,297,157.0,52.8620
KQ9,296,158.5,53.5473
KK3,136,99.5,73.1618
KK2,134,102.5,76.4925
A77,132,71.5,54.1667
JJ9,130,84.0,64.6154
A33,129,69.5,53.8760
433,127,84.0,66.1417
993,127,79.5,62.5984
J66,127,72.0,56.6929
J77,127,78.0,61.4173
744,126,67.0,53.1746
QQ4,126,87.5,69.4444
533,125,55.5,44.4000
933,125,69.5,55.6000
AA5,125,96.5,77.2000
966,124,80.5,64.9194
733,122,60.0,49.1803
AAT,122,99.0,81.1475
AQQ,122,84.0,68.8525
Q44,122,60.0,49.1803
TT7,122,83.5,68.4426
552,121,69.0,57.0248
AA8,121,94.0,77.6860
TT3,121,85.5,70.6612
833,120,54.0,45.0000
855,120,60.0,50.0000
Q77,120,66.0,55.0000
662,119,71.0,59.6639
776,119,70.5,59.2437
JJ8,118,83.0,70.3390
K44,118,62.5,52.9661
KK5,118,94.5,80.0847
KKQ,118,86.0,72.8814
Q88,118,77.5,65.6780
663,117,76.0,64.9573
755,117,69.5,59.4017
994,117,78.5,67.0940
JJ6,117,77.0,65.8120
K55,117,66.5,56.8376
T44,117,65.5,55.9829
TT2,117,80.0,68.3761
TT4,117,85.5,73.0769
622,116,54.5,46.9828
AA3,116,92.5,79.7414
QJJ,116,77.0,66.3793
T66,115,68.0,59.1304
T99,115,69.0,60.0000
TT8,115,72.5,63.0435
QQT,114,77.5,67.9825
T55,114,72.0,63.1579
A22,113,57.0,50.4425
JJ4,113,75.0,66.3717
JJ7,113,77.0,68.1416
JTT,113,76.5,67.6991
Q99,113,65.5,57.9646
AA6,112,80.5,71.8750
AKK,112,80.5,71.8750
J33,112,58.0,51.7857
K77,112,62.5,55.8036
KK6,112,80.0,71.4286
644,111,66.5,59.9099
665,111,65.5,59.0090
722,111,50.0,45.0450
774,111,63.0,56.7568
884,111,70.5,63.5135
997,111,72.5,65.3153
QQ2,111,77.0,69.3694
443,110,66.0,60.0000
844,110,52.5,47.7273
866,110,58.5,53.1818
KJJ,110,64.5,58.6364
332,109,61.5,56.4220
422,109,53.0,48.6239
955,109,53.0,48.6239
992,109,75.0,68.8073
AAJ,109,84.5,77.5229
KK7,109,83.5,76.6055
KKT,109,81.0,74.3119
Q33,109,52.0,47.7064
766,108,69.0,63.8889
887,108,67.0,62.0370
988,108,58.5,54.1667
998,108,74.5,68.9815
KK4,108,82.0,75.9259
QQ5,108,71.5,66.2037
T22,108,45.5,42.1296
J55,107,57.0,53.2710
Q22,107,56.0,52.3364
QQ6,107,75.5,70.5607
882,106,72.0,67.9245
944,106,58.5,55.1887
AAK,106,85.5,80.6604
K22,106,56.0,52.8302
QQ9,106,77.5,73.1132
442,105,60.0,57.1429
553,105,56.0,53.3333
775,105,73.5,70.0000
A66,105,57.5,54.7619
A88,105,69.5,66.1905
AAQ,105,79.5,75.7143
655,104,54.5,52.4038
AA4,104,83.5,80.2885
AA9,104,81.0,77.8846
AJJ,104,68.0,65.3846
JJ5,104,75.5,72.5962
TT9,104,77.0,74.0385
322,103,60.5,58.7379
922,103,44.5,43.2039
977,103,64.5,62.6214
996,103,72.0,69.9029
QQ8,103,72.0,69.9029
T33,103,50.0,48.5437
664,102,67.5,66.1765
773,102,57.0,55.8824
KTT,102,57.0,55.8824
T77,102,61.0,59.8039
822,101,54.0,53.4653
AA7,101,76.0,75.2475
JJ2,101,73.5,72.7723
JJ3,101,76.0,75.2475
K99,101,64.0,63.3663
Q55,101,47.0,46.5347
QQ3,101,77.0,76.2376
886,100,68.5,68.5000
A99,100,61.5,61.5000
KKJ,100,74.0,74.0000
QQJ,100,75.5,75.5000
T88,100,63.5,63.5000
522,99,46.0,46.4646
877,99,53.5,54.0404
A55,98,60.0,61.2245
K33,98,49.0,50.0000
K88,98,63.5,64.7959
TT6,98,65.0,66.3265
885,97,66.0,68.0412
A44,97,46.0,47.4227
AA2,97,68.5,70.6186
J99,97,60.5,62.3711
JJT,96,69.0,71.8750
554,95,54.5,57.3684
633,95,50.0,52.6316
QQ7,95,65.0,68.4211
QTT,95,63.5,66.8421
ATT,94,66.0,70.2128
KK8,94,67.0,71.2766
KK9,92,59.5,64.6739
544,90,44.0,48.8889
995,90,55.5,61.6667
J44,90,49.0,54.4444
KQQ,90,62.0,68.8889
TT5,90,63.5,70.5556
883,89,54.0,60.6742
J22,89,41.5,46.6292
772,85,49.5,58.2353
Q66,84,42.5,50.5952
J88,83,50.5,60.8434
K66,83,53.0,63.8554
